"","species","h2","temperature","trait_value"
"1",1,0,15,23.2698424858972
"2",2,0,15,24.711513860384
"3",3,0,15,10.9435067232698
"4",4,0,15,15.451373688411
"5",5,0,15,23.071954905754
"6",6,0,15,17.3249399184715
"7",7,0,15,19.4774982880335
"8",8,0,15,23.590563175967
"9",9,0,15,13.0833705572877
"10",10,0,15,18.663866748102
"11",11,0,15,19.4827385596
"12",12,0,15,14.5118385343812
"13",13,0,15,11.0266235575546
"14",14,0,15,16.9578682188876
"15",15,0,15,13.1919787533116
"16",16,0,15,24.7724655026104
"17",17,0,15,20.3318085661158
"18",18,0,15,23.2793040131219
"19",19,0,15,17.4727239389904
"20",20,0,15,10.7904091489036
"21",21,0,15,24.6052427170798
"22",22,0,15,13.2041865657084
"23",23,0,15,22.5932915904559
"24",24,0,15,15.5026917124633
"25",1,0.4,15,15
"26",2,0.4,15,15
"27",3,0.4,15,15
"28",4,0.4,15,15
"29",5,0.4,15,15
"30",6,0.4,15,15
"31",7,0.4,15,15
"32",8,0.4,15,15
"33",9,0.4,15,15
"34",10,0.4,15,15
"35",11,0.4,15,15
"36",12,0.4,15,15
"37",13,0.4,15,15
"38",14,0.4,15,15
"39",15,0.4,15,15
"40",16,0.4,15,15
"41",17,0.4,15,15.0289312144408
"42",18,0.4,15,15
"43",19,0.4,15,15
"44",20,0.4,15,15
"45",21,0.4,15,22.895604699178
"46",22,0.4,15,15
"47",23,0.4,15,15
"48",24,0.4,15,15
"49",1,0,16,24.2516166204587
"50",2,0,16,14.1097394237295
"51",3,0,16,19.2012574349064
"52",4,0,16,15.9994595439639
"53",5,0,16,16.2726460734848
"54",6,0,16,12.7896917727776
"55",7,0,16,19.88989232108
"56",8,0,16,23.5224171052687
"57",9,0,16,17.8296725172549
"58",10,0,16,23.6909035674762
"59",11,0,16,18.1381105969194
"60",12,0,16,19.517153298948
"61",13,0,16,18.888261471875
"62",14,0,16,20.6617508444469
"63",15,0,16,22.7646899642423
"64",16,0,16,19.1403943160549
"65",17,0,16,15.2537014218979
"66",18,0,16,11.6386531013995
"67",19,0,16,11.3886007643305
"68",20,0,16,24.5730856433511
"69",21,0,16,15.8840148791205
"70",22,0,16,23.4510195162147
"71",23,0,16,14.1335102706216
"72",24,0,16,24.1230406495742
"73",1,0.4,16,16.0000000000001
"74",2,0.4,16,16
"75",3,0.4,16,15.9999999999999
"76",4,0.4,16,16
"77",5,0.4,16,16
"78",6,0.4,16,16.0000000000001
"79",7,0.4,16,16.0000000000002
"80",8,0.4,16,15.9999999999999
"81",9,0.4,16,16.0000000000001
"82",10,0.4,16,15.9999999999999
"83",11,0.4,16,16
"84",12,0.4,16,16.0000000000003
"85",13,0.4,16,16
"86",14,0.4,16,16
"87",15,0.4,16,15.9999999999999
"88",16,0.4,16,15.9999999999999
"89",17,0.4,16,16
"90",18,0.4,16,15.9999999999998
"91",19,0.4,16,16
"92",20,0.4,16,16
"93",21,0.4,16,16.0000000000001
"94",22,0.4,16,15.9999999999998
"95",23,0.4,16,16
"96",24,0.4,16,15.9999999999999
"97",1,0,17,22.4177424213849
"98",2,0,17,14.5159203850199
"99",3,0,17,19.4814688654151
"100",4,0,17,14.0502232627477
"101",5,0,17,11.38828766183
"102",6,0,17,23.4584266494494
"103",7,0,17,16.8669396429323
"104",8,0,17,14.9680529651232
"105",9,0,17,19.9969514610711
"106",10,0,17,16.8181643914431
"107",11,0,17,15.5186170595698
"108",12,0,17,18.3624182082713
"109",13,0,17,22.6618792302907
"110",14,0,17,17.37179998192
"111",15,0,17,12.2040323389228
"112",16,0,17,20.931526243221
"113",17,0,17,16.8564936926123
"114",18,0,17,23.1259486742783
"115",19,0,17,24.2975369677879
"116",20,0,17,15.9128950163722
"117",21,0,17,16.4687317120843
"118",22,0,17,11.3573491352145
"119",23,0,17,14.1984243947081
"120",24,0,17,23.8603263895493
"121",1,0.4,17,16.9999999999999
"122",2,0.4,17,17
"123",3,0.4,17,17
"124",4,0.4,17,17
"125",5,0.4,17,17
"126",6,0.4,17,17
"127",7,0.4,17,17
"128",8,0.4,17,17
"129",9,0.4,17,17
"130",10,0.4,17,17
"131",11,0.4,17,17
"132",12,0.4,17,17
"133",13,0.4,17,16.9999999999999
"134",14,0.4,17,17
"135",15,0.4,17,17.0000000000002
"136",16,0.4,17,17
"137",17,0.4,17,17
"138",18,0.4,17,17
"139",19,0.4,17,16.9999999999999
"140",20,0.4,17,17
"141",21,0.4,17,17
"142",22,0.4,17,17
"143",23,0.4,17,17
"144",24,0.4,17,17
"145",1,0,18,18.0373066896573
"146",2,0,18,18.6093952984083
"147",3,0,18,17.9438338219188
"148",4,0,18,22.0881613891106
"149",5,0,18,14.638750271406
"150",6,0,18,24.652445607353
"151",7,0,18,10.587882862892
"152",8,0,18,23.8924434047658
"153",9,0,18,12.9304901440628
"154",10,0,18,11.3764009217266
"155",11,0,18,11.3639139849693
"156",12,0,18,24.0780283452477
"157",13,0,18,15.116478134878
"158",14,0,18,18.6680100625381
"159",15,0,18,23.1106704694685
"160",16,0,18,22.4585509428289
"161",17,0,18,16.96307378239
"162",18,0,18,20.0019832188264
"163",19,0,18,23.5957173409406
"164",20,0,18,17.9328067752067
"165",21,0,18,17.7588244981598
"166",22,0,18,18.452286592219
"167",23,0,18,16.4946108032018
"168",24,0,18,10.4178596485872
"169",1,0.4,18,18
"170",2,0.4,18,18
"171",3,0.4,18,18
"172",4,0.4,18,18
"173",5,0.4,18,18
"174",6,0.4,18,18
"175",7,0.4,18,18
"176",8,0.4,18,18
"177",9,0.4,18,18
"178",10,0.4,18,18
"179",11,0.4,18,18
"180",12,0.4,18,18
"181",13,0.4,18,17.9999999999999
"182",14,0.4,18,18
"183",15,0.4,18,18.0000000000001
"184",16,0.4,18,18
"185",17,0.4,18,18
"186",18,0.4,18,17.9999999999999
"187",19,0.4,18,18
"188",20,0.4,18,18
"189",21,0.4,18,18
"190",22,0.4,18,18
"191",23,0.4,18,18
"192",24,0.4,18,18
"193",1,0,19,14.0738580783363
"194",2,0,19,21.9042256858665
"195",3,0,19,22.4447435804177
"196",4,0,19,16.7325886141043
"197",5,0,19,22.1291162027046
"198",6,0,19,19.3353361357003
"199",7,0,19,19.0989879029803
"200",8,0,19,13.4606023458764
"201",9,0,19,11.0053552675527
"202",10,0,19,21.7664447857533
"203",11,0,19,21.2753520929255
"204",12,0,19,22.7324257453438
"205",13,0,19,21.263196192449
"206",14,0,19,10.8953638968524
"207",15,0,19,17.7039443084504
"208",16,0,19,14.1835529915988
"209",17,0,19,17.1170273062307
"210",18,0,19,11.7250395065639
"211",19,0,19,18.1563794612885
"212",20,0,19,16.3059087586589
"213",21,0,19,20.3750287846196
"214",22,0,19,12.4397153418977
"215",23,0,19,10.7541255874094
"216",24,0,19,22.4103735794779
"217",1,0.4,19,19
"218",2,0.4,19,12.9472192588492
"219",3,0.4,19,19
"220",4,0.4,19,19
"221",5,0.4,19,19
"222",6,0.4,19,19
"223",7,0.4,19,19
"224",8,0.4,19,19
"225",9,0.4,19,19
"226",10,0.4,19,19
"227",11,0.4,19,19
"228",12,0.4,19,19
"229",13,0.4,19,19
"230",14,0.4,19,19
"231",15,0.4,19,19
"232",16,0.4,19,19
"233",17,0.4,19,19
"234",18,0.4,19,19
"235",19,0.4,19,19
"236",20,0.4,19,19
"237",21,0.4,19,19
"238",22,0.4,19,19
"239",23,0.4,19,19
"240",24,0.4,19,19
"241",1,0,20,17.5276806834154
"242",2,0,20,13.9249361550901
"243",3,0,20,19.8779015231412
"244",4,0,20,15.1135224942118
"245",5,0,20,21.0196536849253
"246",6,0,20,11.9399071915541
"247",7,0,20,23.9586907019839
"248",8,0,20,13.5942838387564
"249",9,0,20,11.8365915841423
"250",10,0,20,17.6535658922512
"251",11,0,20,15.4179040854797
"252",12,0,20,19.701318833977
"253",13,0,20,14.0589805529453
"254",14,0,20,23.5597514151596
"255",15,0,20,18.9736315503251
"256",16,0,20,11.4348323910963
"257",17,0,20,14.4806636031717
"258",18,0,20,12.9795384500176
"259",19,0,20,22.6220315718092
"260",20,0,20,24.9647513555828
"261",21,0,20,22.7161360438913
"262",22,0,20,12.7254816761706
"263",23,0,20,17.6678922516294
"264",24,0,20,14.9212305329274
"265",1,0.4,20,20
"266",2,0.4,20,20
"267",3,0.4,20,19.9999999999999
"268",4,0.4,20,20
"269",5,0.4,20,20
"270",6,0.4,20,20
"271",7,0.4,20,20
"272",8,0.4,20,20
"273",9,0.4,20,19.9999999999999
"274",10,0.4,20,20
"275",11,0.4,20,20
"276",12,0.4,20,20
"277",13,0.4,20,20
"278",14,0.4,20,10.9139073855347
"279",15,0.4,20,20
"280",16,0.4,20,19.9999999999999
"281",17,0.4,20,20
"282",18,0.4,20,20
"283",19,0.4,20,20
"284",20,0.4,20,20
"285",21,0.4,20,20
"286",22,0.4,20,20
"287",23,0.4,20,19.9999999999999
"288",24,0.4,20,20
"289",1,0,21,10.6775734946132
"290",2,0,21,15.4522977303714
"291",3,0,21,22.0098956860602
"292",4,0,21,13.5684100806247
"293",5,0,21,12.1673063805792
"294",6,0,21,20.773482444929
"295",7,0,21,10.4330262483563
"296",8,0,21,20.7696388429031
"297",9,0,21,22.7706785057671
"298",10,0,21,23.0463765852619
"299",11,0,21,22.4055899539962
"300",12,0,21,14.8766964965034
"301",13,0,21,17.3019443172961
"302",14,0,21,21.8870792386588
"303",15,0,21,17.5112018338405
"304",16,0,21,18.0105806316715
"305",17,0,21,20.1826269435696
"306",18,0,21,18.5306477232371
"307",19,0,21,10.5406671308447
"308",20,0,21,24.0047559828963
"309",21,0,21,16.8382191285491
"310",22,0,21,22.2897673910484
"311",23,0,21,10.8550177840516
"312",24,0,21,14.286325200228
"313",1,0.4,21,21
"314",2,0.4,21,21
"315",3,0.4,21,21
"316",4,0.4,21,21
"317",5,0.4,21,21
"318",6,0.4,21,21
"319",7,0.4,21,21
"320",8,0.4,21,21
"321",9,0.4,21,21
"322",10,0.4,21,21
"323",11,0.4,21,21
"324",12,0.4,21,21
"325",13,0.4,21,21
"326",14,0.4,21,21
"327",15,0.4,21,21
"328",16,0.4,21,21
"329",17,0.4,21,21
"330",18,0.4,21,21
"331",19,0.4,21,21
"332",20,0.4,21,21
"333",21,0.4,21,21
"334",22,0.4,21,21
"335",23,0.4,21,21
"336",24,0.4,21,21
"337",1,0,22,11.3656784035265
"338",2,0,22,24.2379602824803
"339",3,0,22,14.7039965528529
"340",4,0,22,20.0751958217006
"341",5,0,22,24.3043350300286
"342",6,0,22,20.0031935202423
"343",7,0,22,23.0271039740182
"344",8,0,22,17.6704581757076
"345",9,0,22,23.8520671101287
"346",10,0,22,24.091348516522
"347",11,0,22,20.5255663965363
"348",12,0,22,21.1134730884805
"349",13,0,22,18.2348580646794
"350",14,0,22,15.6481229048222
"351",15,0,22,16.9196706777439
"352",16,0,22,24.5985649316572
"353",17,0,22,20.4543070774525
"354",18,0,22,19.5302589738276
"355",19,0,22,14.1997395572253
"356",20,0,22,16.4888358360622
"357",21,0,22,13.5866577003617
"358",22,0,22,23.8958973565605
"359",23,0,22,15.4388865735382
"360",24,0,22,13.347425890388
"361",1,0.4,22,22
"362",2,0.4,22,22
"363",3,0.4,22,11.7873658962789
"364",4,0.4,22,12.5301640483424
"365",5,0.4,22,22
"366",6,0.4,22,22
"367",7,0.4,22,22
"368",8,0.4,22,22
"369",9,0.4,22,22
"370",10,0.4,22,22
"371",11,0.4,22,22
"372",12,0.4,22,22
"373",13,0.4,22,22
"374",14,0.4,22,22
"375",15,0.4,22,13.79230245228
"376",16,0.4,22,22
"377",17,0.4,22,22
"378",18,0.4,22,10.9438279762982
"379",19,0.4,22,22
"380",20,0.4,22,14.7683911086365
"381",21,0.4,22,22
"382",22,0.4,22,15.3200239742277
"383",23,0.4,22,22
"384",24,0.4,22,22
"385",1,0,23,17.8665874700528
"386",2,0,23,17.6333241304383
"387",3,0,23,12.9482090543024
"388",4,0,23,24.8125598684419
"389",5,0,23,16.970260750968
"390",6,0,23,23.8383359042928
"391",7,0,23,10.3353613044601
"392",8,0,23,20.8138598920777
"393",9,0,23,17.7926152327564
"394",10,0,23,20.648077595979
"395",11,0,23,16.5310719772242
"396",12,0,23,12.560406550765
"397",13,0,23,11.9387495983392
"398",14,0,23,23.2211356027983
"399",15,0,23,17.0965448021889
"400",16,0,23,13.4209971863311
"401",17,0,23,22.326975815231
"402",18,0,23,23.2625773455948
"403",19,0,23,24.7463004454039
"404",20,0,23,12.4857955949847
"405",21,0,23,11.8509361287579
"406",22,0,23,12.6621544593945
"407",23,0,23,21.8306903867051
"408",24,0,23,18.5043077357113
"409",1,0.4,23,23
"410",2,0.4,23,12.6906361113683
"411",3,0.4,23,23
"412",4,0.4,23,14.9154781472943
"413",5,0.4,23,23
"414",6,0.4,23,23
"415",7,0.4,23,23
"416",8,0.4,23,23
"417",9,0.4,23,23
"418",10,0.4,23,23
"419",11,0.4,23,23
"420",12,0.4,23,12.8917907240186
"421",13,0.4,23,23
"422",14,0.4,23,11.4290193586314
"423",15,0.4,23,11.0672111268339
"424",16,0.4,23,23
"425",17,0.4,23,14.3658993478765
"426",18,0.4,23,23
"427",19,0.4,23,23
"428",20,0.4,23,23
"429",21,0.4,23,14.1627493634439
"430",22,0.4,23,23
"431",23,0.4,23,23
"432",24,0.4,23,12.1700188917093
"433",1,0,24,19.8648580524605
"434",2,0,24,10.6650762166828
"435",3,0,24,16.5912443015259
"436",4,0,24,23.5215273906942
"437",5,0,24,12.9510429722723
"438",6,0,24,19.6500686265063
"439",7,0,24,11.5080738835968
"440",8,0,24,19.8910236440133
"441",9,0,24,14.1153721534647
"442",10,0,24,13.1672672962304
"443",11,0,24,19.0755050198641
"444",12,0,24,19.4041050446685
"445",13,0,24,20.693329643691
"446",14,0,24,24.5907484996133
"447",15,0,24,17.0816774328705
"448",16,0,24,11.3541450584307
"449",17,0,24,11.0558450093959
"450",18,0,24,24.768665577285
"451",19,0,24,24.4047933269758
"452",20,0,24,12.5183102057781
"453",21,0,24,12.7025088074151
"454",22,0,24,18.7741329194978
"455",23,0,24,10.7123760471586
"456",24,0,24,16.1186517332681
"457",1,0.4,24,24
"458",2,0.4,24,24
"459",3,0.4,24,24
"460",4,0.4,24,24
"461",5,0.4,24,24
"462",6,0.4,24,24
"463",7,0.4,24,15.1908030457715
"464",8,0.4,24,24
"465",9,0.4,24,24
"466",10,0.4,24,23.9999999999337
"467",11,0.4,24,14.258976530582
"468",12,0.4,24,13.0470953521495
"469",13,0.4,24,24
"470",14,0.4,24,24
"471",15,0.4,24,15.6881713327003
"472",16,0.4,24,24
"473",17,0.4,24,14.3496797108808
"474",18,0.4,24,24
"475",19,0.4,24,24
"476",20,0.4,24,15.8422225527767
"477",21,0.4,24,10.1848185672516
"478",22,0.4,24,24
"479",23,0.4,24,16.1229399025488
"480",24,0.4,24,24
"481",1,0,25,11.0065134614706
"482",2,0,25,20.0951643788721
"483",3,0,25,22.9355372663122
"484",4,0,25,10.0551196082961
"485",5,0,25,15.065695703961
"486",6,0,25,11.9555407122243
"487",7,0,25,22.7592850860674
"488",8,0,25,17.0302705990616
"489",9,0,25,17.5881473626941
"490",10,0,25,12.8779063862748
"491",11,0,25,10.6821425503585
"492",12,0,25,20.6646373623516
"493",13,0,25,24.5010467688553
"494",14,0,25,13.4830042324029
"495",15,0,25,15.0378214090597
"496",16,0,25,24.8884955944959
"497",17,0,25,19.7680513665546
"498",18,0,25,19.5325537293684
"499",19,0,25,19.8597109981347
"500",20,0,25,24.4054246030282
"501",21,0,25,20.2480055962224
"502",22,0,25,10.894730106229
"503",23,0,25,11.9850229041185
"504",24,0,25,24.0893955994397
"505",1,0.4,25,11.705122627581
"506",2,0.4,25,24.9999999999842
"507",3,0.4,25,15.0762176011247
"508",4,0.4,25,24.9999999999842
"509",5,0.4,25,25
"510",6,0.4,25,18.3858112440102
"511",7,0.4,25,16.2228481617722
"512",8,0.4,25,25
"513",9,0.4,25,17.7078413291496
"514",10,0.4,25,12.3350804330276
"515",11,0.4,25,25
"516",12,0.4,25,24.999999999991
"517",13,0.4,25,25
"518",14,0.4,25,25
"519",15,0.4,25,12.9136755792706
"520",16,0.4,25,14.6481458498294
"521",17,0.4,25,25
"522",18,0.4,25,16.1412924984935
"523",19,0.4,25,15.8481326988504
"524",20,0.4,25,11.5857745697888
"525",21,0.4,25,16.0256735072619
"526",22,0.4,25,16.9708980758153
"527",23,0.4,25,25
"528",24,0.4,25,25
"529",1,0,26,21.9684961077292
"530",2,0,26,13.1958978553303
"531",3,0,26,13.1614211667329
"532",4,0,26,20.9410390118137
"533",5,0,26,14.1068495390937
"534",6,0,26,13.5569554415997
"535",7,0,26,21.7932308162563
"536",8,0,26,17.7287382574286
"537",9,0,26,16.2255161546636
"538",10,0,26,13.0476377008017
"539",11,0,26,13.1935155962128
"540",12,0,26,16.0306089802179
"541",13,0,26,11.9316376897041
"542",14,0,26,12.4147107382305
"543",15,0,26,18.8912584772334
"544",16,0,26,18.3131138945464
"545",17,0,26,12.6716712093912
"546",18,0,26,23.7707205477636
"547",19,0,26,12.6503299793694
"548",20,0,26,10.3354223177303
"549",21,0,26,12.9893866204657
"550",22,0,26,10.7167288218625
"551",23,0,26,16.8220341135748
"552",24,0,26,21.8902905308641
"553",1,0.4,26,26
"554",2,0.4,26,26
"555",3,0.4,26,26
"556",4,0.4,26,12.2602446735369
"557",5,0.4,26,26
"558",6,0.4,26,25.9999999876074
"559",7,0.4,26,14.5059662247819
"560",8,0.4,26,12.0021285076126
"561",9,0.4,26,14.6352983540787
"562",10,0.4,26,14.7693125982174
"563",11,0.4,26,26
"564",12,0.4,26,16.4388756416901
"565",13,0.4,26,26
"566",14,0.4,26,16.1779600587353
"567",15,0.4,26,17.3598622076682
"568",16,0.4,26,26
"569",17,0.4,26,26
"570",18,0.4,26,26
"571",19,0.4,26,14.0208081129195
"572",20,0.4,26,26
"573",21,0.4,26,10.4201635263513
"574",22,0.4,26,11.8056611673843
"575",23,0.4,26,26
"576",24,0.4,26,26
"577",1,0,27,13.7956907809712
"578",2,0,27,20.6193474493921
"579",3,0,27,22.0885449729394
"580",4,0,27,17.0171364292037
"581",5,0,27,13.2187477720436
"582",6,0,27,23.6114775331225
"583",7,0,27,16.4971867471468
"584",8,0,27,14.2568186135031
"585",9,0,27,14.000250097597
"586",10,0,27,15.1615602010861
"587",11,0,27,23.7181437644176
"588",12,0,27,14.113576435484
"589",13,0,27,15.191461694194
"590",14,0,27,12.2464589518495
"591",15,0,27,24.3193032441195
"592",16,0,27,22.568989432184
"593",17,0,27,11.1351087491494
"594",18,0,27,22.9893068084493
"595",19,0,27,19.808689620113
"596",20,0,27,10.3261930670124
"597",21,0,27,13.2797635742463
"598",22,0,27,10.3552716423292
"599",23,0,27,18.7715705821756
"600",24,0,27,24.372248443542
"601",1,0.4,27,19.2090521189359
"602",2,0.4,27,12.4250301804264
"603",3,0.4,27,14.7673640759288
"604",4,0.4,27,11.4269906132556
"605",5,0.4,27,15.9478081865973
"606",6,0.4,27,10.9849978933051
"607",7,0.4,27,27
"608",8,0.4,27,12.9556124515887
"609",9,0.4,27,15.5465065458211
"610",10,0.4,27,11.961017180562
"611",11,0.4,27,14.8818113734337
"612",12,0.4,27,20.1432530347474
"613",13,0.4,27,14.0640792050573
"614",14,0.4,27,15.3934667414284
"615",15,0.4,27,10.7041555247326
"616",16,0.4,27,26.9999999999336
"617",17,0.4,27,13.0511873390591
"618",18,0.4,27,27
"619",19,0.4,27,17.2710781218805
"620",20,0.4,27,18.4831958380723
"621",21,0.4,27,15.5460524483377
"622",22,0.4,27,27
"623",23,0.4,27,18.8232482825515
"624",24,0.4,27,27
"625",1,0,28,14.0345063142013
"626",2,0,28,12.6471741544083
"627",3,0,28,15.9052828513086
"628",4,0,28,18.9665765059181
"629",5,0,28,11.4748532581143
"630",6,0,28,13.9102856360842
"631",7,0,28,12.3495286377147
"632",8,0,28,21.0454816184938
"633",9,0,28,12.7379650855437
"634",10,0,28,17.8415407193825
"635",11,0,28,18.350454546744
"636",12,0,28,10.8784649288282
"637",13,0,28,21.4973088249099
"638",14,0,28,10.6341245200019
"639",15,0,28,16.5165764745325
"640",16,0,28,18.92147322651
"641",17,0,28,16.0152847412974
"642",18,0,28,24.7231904347427
"643",19,0,28,11.6294077818748
"644",20,0,28,20.7101126969792
"645",21,0,28,14.1528003511485
"646",22,0,28,10.2295754838269
"647",23,0,28,11.8448040576186
"648",24,0,28,20.6793230224866
"649",1,0.4,28,13.435965892272
"650",2,0.4,28,28
"651",3,0.4,28,10.9439862595871
"652",4,0.4,28,17.2869208772623
"653",5,0.4,28,14.6294265781463
"654",6,0.4,28,15.1963051537912
"655",7,0.4,28,17.4556174254281
"656",8,0.4,28,28
"657",9,0.4,28,13.4531227718916
"658",10,0.4,28,12.9488507382461
"659",11,0.4,28,27.9999999996918
"660",12,0.4,28,28
"661",13,0.4,28,19.12383823938
"662",14,0.4,28,28
"663",15,0.4,28,19.4905844101101
"664",16,0.4,28,11.3071536351136
"665",17,0.4,28,28
"666",18,0.4,28,27.9999999978178
"667",19,0.4,28,14.4791109641225
"668",20,0.4,28,28
"669",21,0.4,28,11.6147971584649
"670",22,0.4,28,11.5707672378576
"671",23,0.4,28,19.1150104995436
"672",24,0.4,28,18.3539711380957
"673",1,0,29,22.6677252131049
"674",2,0,29,20.1398274197709
"675",3,0,29,20.3979247703683
"676",4,0,29,11.2660216260701
"677",5,0,29,23.8715763320215
"678",6,0,29,19.4439887977205
"679",7,0,29,20.9920942457393
"680",8,0,29,10.661929360358
"681",9,0,29,22.2405308310408
"682",10,0,29,17.5326854723971
"683",11,0,29,17.3416969529353
"684",12,0,29,20.1209497882519
"685",13,0,29,12.1383598272223
"686",14,0,29,18.4327689150814
"687",15,0,29,11.9554681773297
"688",16,0,29,19.1488189040683
"689",17,0,29,23.5560807283036
"690",18,0,29,23.1628675071988
"691",19,0,29,23.330818292452
"692",20,0,29,14.6925930993166
"693",21,0,29,19.5602545957081
"694",22,0,29,12.9015796573367
"695",23,0,29,22.0655020419508
"696",24,0,29,12.0755361497868
"697",1,0.4,29,29
"698",2,0.4,29,20.8928723858599
"699",3,0.4,29,28.9999998814741
"700",4,0.4,29,15.4792833570684
"701",5,0.4,29,18.7850760996042
"702",6,0.4,29,28.9999974306183
"703",7,0.4,29,29
"704",8,0.4,29,17.8760150880292
"705",9,0.4,29,29
"706",10,0.4,29,10.6308109826093
"707",11,0.4,29,29
"708",12,0.4,29,16.0095355621496
"709",13,0.4,29,17.5378822365003
"710",14,0.4,29,17.0395794380971
"711",15,0.4,29,21.0014109448526
"712",16,0.4,29,28.9999980895834
"713",17,0.4,29,18.361364115493
"714",18,0.4,29,10.4507047923999
"715",19,0.4,29,29
"716",20,0.4,29,17.4033000799532
"717",21,0.4,29,10.9969590247378
"718",22,0.4,29,12.7981760294506
"719",23,0.4,29,17.7867227653621
"720",24,0.4,29,18.0009119225254
"721",1,0,30,16.1990332487039
"722",2,0,30,16.0653996479232
"723",3,0,30,24.6617997728754
"724",4,0,30,22.9151915898547
"725",5,0,30,14.0327654627617
"726",6,0,30,13.9937273948453
"727",7,0,30,13.2656961493194
"728",8,0,30,13.8069367280696
"729",9,0,30,13.5287740896456
"730",10,0,30,17.503527024528
"731",11,0,30,13.8205614313483
"732",12,0,30,11.1959312576801
"733",13,0,30,14.3523144780193
"734",14,0,30,10.8298951317556
"735",15,0,30,13.8050745031796
"736",16,0,30,19.972343534464
"737",17,0,30,13.7309723778162
"738",18,0,30,23.288452612469
"739",19,0,30,17.5889540126082
"740",20,0,30,16.2471982243005
"741",21,0,30,23.0983768473379
"742",22,0,30,16.3071837509051
"743",23,0,30,19.2637474637013
"744",24,0,30,23.3912020293064
"745",1,0.4,30,16.8091123138485
"746",2,0.4,30,17.7818876101959
"747",3,0.4,30,12.7885750910138
"748",4,0.4,30,19.3917135294012
"749",5,0.4,30,14.5542668854573
"750",6,0.4,30,13.4955412913284
"751",7,0.4,30,20.2266970831506
"752",8,0.4,30,22.2210865625846
"753",9,0.4,30,13.7899534098563
"754",10,0.4,30,30
"755",11,0.4,30,12.120380217757
"756",12,0.4,30,10.1076712596307
"757",13,0.4,30,21.5089159234015
"758",14,0.4,30,11.3230344273282
"759",15,0.4,30,14.1724012686723
"760",16,0.4,30,15.0648110067922
"761",17,0.4,30,14.4855246081619
"762",18,0.4,30,17.3217217435178
"763",19,0.4,30,11.0366006732764
"764",20,0.4,30,17.6486865191519
"765",21,0.4,30,30
"766",22,0.4,30,22.5399038004507
"767",23,0.4,30,30
"768",24,0.4,30,17.1409977488964
"769",1,0,31,16.6072159586474
"770",2,0,31,11.9105123705231
"771",3,0,31,15.7124712155201
"772",4,0,31,11.339332817588
"773",5,0,31,16.3756414747331
"774",6,0,31,24.7295742877759
"775",7,0,31,10.7884252711665
"776",8,0,31,18.4412723139394
"777",9,0,31,21.8979436170775
"778",10,0,31,22.2967302834149
"779",11,0,31,10.8839857077692
"780",12,0,31,10.2955265715718
"781",13,0,31,15.5504140118137
"782",14,0,31,19.735875625629
"783",15,0,31,22.9784385079984
"784",16,0,31,19.2075523070525
"785",17,0,31,19.3881550303195
"786",18,0,31,14.3766152462922
"787",19,0,31,13.9756220788695
"788",20,0,31,14.2639785609208
"789",21,0,31,14.569155217614
"790",22,0,31,13.1792734400369
"791",23,0,31,13.9979531837162
"792",24,0,31,20.9502909879666
"793",1,0.4,31,17.8268746190027
"794",2,0.4,31,31
"795",3,0.4,31,30.9999999999968
"796",4,0.4,31,22.6972902307455
"797",5,0.4,31,19.1846045110719
"798",6,0.4,31,18.0576349211623
"799",7,0.4,31,30.9999984534683
"800",8,0.4,31,30.9999999999998
"801",9,0.4,31,12.8449500471123
"802",10,0.4,31,20.3372321106238
"803",11,0.4,31,18.9574810002684
"804",12,0.4,31,15.3278287380427
"805",13,0.4,31,18.5923882078235
"806",14,0.4,31,18.974508419852
"807",15,0.4,31,21.4655801145398
"808",16,0.4,31,16.2433404788644
"809",17,0.4,31,20.6066157576865
"810",18,0.4,31,31
"811",19,0.4,31,17.0947887667698
"812",20,0.4,31,15.5990554613607
"813",21,0.4,31,30.9999999999998
"814",22,0.4,31,20.1462761141585
"815",23,0.4,31,21.8711096633824
"816",24,0.4,31,17.2589630061439
"817",1,0,32,21.2996477272827
"818",2,0,32,21.3443362142425
"819",3,0,32,23.0079236475285
"820",4,0,32,19.9182526301593
"821",5,0,32,13.0472829577047
"822",6,0,32,12.0848844654392
"823",7,0,32,10.5874737421982
"824",8,0,32,14.5391746971291
"825",9,0,32,12.6484784169588
"826",10,0,32,21.9184311607387
"827",11,0,32,14.1031470499001
"828",12,0,32,20.0364815921057
"829",13,0,32,20.2315292193089
"830",14,0,32,13.9312747248914
"831",15,0,32,20.6686071853619
"832",16,0,32,17.781177375
"833",17,0,32,14.0507749037351
"834",18,0,32,15.1676856051199
"835",19,0,32,18.2773241389077
"836",20,0,32,16.8865038570948
"837",21,0,32,13.188342966605
"838",22,0,32,23.7660178286023
"839",23,0,32,13.2818257319741
"840",24,0,32,20.5712147825398
"841",1,0.4,32,21.7139026556809
"842",2,0.4,32,21.737440846884
"843",3,0.4,32,21.4967277090087
"844",4,0.4,32,31.9999819022929
"845",5,0.4,32,10.5373024069126
"846",6,0.4,32,17.1490112325804
"847",7,0.4,32,16.1740795767478
"848",8,0.4,32,20.7634928220999
"849",9,0.4,32,19.3830755139469
"850",10,0.4,32,22.5516988223855
"851",11,0.4,32,17.9080225301027
"852",12,0.4,32,31.9999999997322
"853",13,0.4,32,13.9709075260134
"854",14,0.4,32,20.9730172887751
"855",15,0.4,32,20.926066234008
"856",16,0.4,32,17.3832700584593
"857",17,0.4,32,19.6240056616132
"858",18,0.4,32,10.6418351853866
"859",19,0.4,32,10.2669938882987
"860",20,0.4,32,17.8330326671976
"861",21,0.4,32,21.4623514148732
"862",22,0.4,32,21.8931066056981
"863",23,0.4,32,15.2755460832895
"864",24,0.4,32,17.0944364915635
"865",1,0,33,18.412695126608
"866",2,0,33,16.7588366940618
"867",3,0,33,16.8232404056471
"868",4,0,33,15.6486399355344
"869",5,0,33,15.1203476020601
"870",6,0,33,15.1605256192852
"871",7,0,33,11.9517103605904
"872",8,0,33,10.564035527641
"873",9,0,33,24.3542732461356
"874",10,0,33,20.2895359846298
"875",11,0,33,21.7605749948416
"876",12,0,33,21.8291864322964
"877",13,0,33,18.9411922858562
"878",14,0,33,23.0902133102063
"879",15,0,33,15.5438415310346
"880",16,0,33,18.8884091051295
"881",17,0,33,24.668574515963
"882",18,0,33,14.4747684185859
"883",19,0,33,24.9854910897557
"884",20,0,33,17.6549645420164
"885",21,0,33,10.1856823975686
"886",22,0,33,18.0274095549248
"887",23,0,33,16.780469174264
"888",24,0,33,15.6828561075963
"889",1,0.4,33,25.9780300872428
"890",2,0.4,33,10.6878678477895
"891",3,0.4,33,15.3035606685616
"892",4,0.4,33,18.2923875779122
"893",5,0.4,33,20.9813999461878
"894",6,0.4,33,14.9905774357112
"895",7,0.4,33,23.2508002838291
"896",8,0.4,33,14.3477098861565
"897",9,0.4,33,21.3837896533721
"898",10,0.4,33,13.0767971791621
"899",11,0.4,33,11.9553937196072
"900",12,0.4,33,19.0263970113088
"901",13,0.4,33,11.7462303212391
"902",14,0.4,33,17.3345759691094
"903",15,0.4,33,12.3510808273945
"904",16,0.4,33,21.527641361647
"905",17,0.4,33,14.9867218821449
"906",18,0.4,33,16.1455223755545
"907",19,0.4,33,14.796182171137
"908",20,0.4,33,10.099209286688
"909",21,0.4,33,12.2261975382352
"910",22,0.4,33,19.2947896851305
"911",23,0.4,33,16.6159010121416
"912",24,0.4,33,19.8434606322723
"913",1,0,34,15.8020852156915
"914",2,0,34,15.6304385175463
"915",3,0,34,18.7888333457522
"916",4,0,34,19.4974397402257
"917",5,0,34,14.2623368848581
"918",6,0,34,19.9386642337777
"919",7,0,34,14.860098361969
"920",8,0,34,10.30018454534
"921",9,0,34,22.1625948057044
"922",10,0,34,10.5984328186605
"923",11,0,34,10.581785478862
"924",12,0,34,21.979671769077
"925",13,0,34,22.1683023159858
"926",14,0,34,23.3026476518717
"927",15,0,34,14.4513012969401
"928",16,0,34,23.7570464261808
"929",17,0,34,21.4580943144392
"930",18,0,34,23.1560675206129
"931",19,0,34,20.40924011264
"932",20,0,34,19.2689431610052
"933",21,0,34,12.2201747738291
"934",22,0,34,18.6964541347697
"935",23,0,34,14.1495223809034
"936",24,0,34,22.306433377089
"937",1,0.4,34,18.342340211147
"938",2,0.4,34,22.2499739451966
"939",3,0.4,34,24.3849683771957
"940",4,0.4,34,19.1156544803315
"941",5,0.4,34,20.4462001481623
"942",6,0.4,34,13.2820297649423
"943",7,0.4,34,23.55056156491
"944",8,0.4,34,25.512387782855
"945",9,0.4,34,24.3589969378528
"946",10,0.4,34,19.5240818765678
"947",11,0.4,34,12.3103100638391
"948",12,0.4,34,25.0603328284381
"949",13,0.4,34,18.7425640795823
"950",14,0.4,34,26.3686858021316
"951",15,0.4,34,20.2887326530315
"952",16,0.4,34,27.705560407775
"953",17,0.4,34,20.7950330514226
"954",18,0.4,34,15.258350457268
"955",19,0.4,34,18.0470075374754
"956",20,0.4,34,22.4517443692691
"957",21,0.4,34,25.7214140360113
"958",22,0.4,34,10.0326313522558
"959",23,0.4,34,17.4969306387633
"960",24,0.4,34,23.7275999719049
"961",1,0,35,19.3944040953647
"962",2,0,35,23.1916253664531
"963",3,0,35,21.5731487807352
"964",4,0,35,19.4225979642943
"965",5,0,35,10.1342035527341
"966",6,0,35,10.3185841359664
"967",7,0,35,17.0644333050586
"968",8,0,35,24.5307307620533
"969",9,0,35,10.9943327994552
"970",10,0,35,19.2448596062604
"971",11,0,35,13.4422631049529
"972",12,0,35,13.2109695789404
"973",13,0,35,22.8626091312617
"974",14,0,35,17.373581569409
"975",15,0,35,21.6798609972466
"976",16,0,35,22.303894959623
"977",17,0,35,16.2068903469481
"978",18,0,35,11.3434532214887
"979",19,0,35,17.7571873972192
"980",20,0,35,15.0679045589641
"981",21,0,35,14.4970982626546
"982",22,0,35,14.9245343403891
"983",23,0,35,14.0919818205293
"984",24,0,35,11.8968805391341
"985",1,0.4,35,20.3540812346892
"986",2,0.4,35,23.3061952807039
"987",3,0.4,35,17.655382837291
"988",4,0.4,35,11.650137358881
"989",5,0.4,35,11.0530381137125
"990",6,0.4,35,18.7008530061017
"991",7,0.4,35,19.5174630116673
"992",8,0.4,35,14.1294886454472
"993",9,0.4,35,20.1450707726142
"994",10,0.4,35,14.0493245118803
"995",11,0.4,35,18.0283557816256
"996",12,0.4,35,24.4105765771151
"997",13,0.4,35,17.6558292538935
"998",14,0.4,35,24.3496665451832
"999",15,0.4,35,14.7772798813059
"1000",16,0.4,35,12.1158719753505
"1001",17,0.4,35,20.7863421502243
"1002",18,0.4,35,23.9125042110403
"1003",19,0.4,35,17.9516646152768
"1004",20,0.4,35,11.8187249018089
"1005",21,0.4,35,22.0693167248182
"1006",22,0.4,35,10.3014711063459
"1007",23,0.4,35,11.064846168479
"1008",24,0.4,35,20.2174482203306
"1009",1,0,36,10.5714034650009
"1010",2,0,36,20.6635885697324
"1011",3,0,36,14.1604416188784
"1012",4,0,36,16.3483787723817
"1013",5,0,36,24.0832279226743
"1014",6,0,36,18.1239301874302
"1015",7,0,36,24.7222533868626
"1016",8,0,36,23.8174114504363
"1017",9,0,36,19.3361038970761
"1018",10,0,36,16.5781085146591
"1019",11,0,36,21.5972695441451
"1020",12,0,36,22.7037288050633
"1021",13,0,36,24.4301980338059
"1022",14,0,36,11.2238000100479
"1023",15,0,36,14.6173506299965
"1024",16,0,36,22.1678505802993
"1025",17,0,36,10.9879808290862
"1026",18,0,36,12.8639460995328
"1027",19,0,36,12.5690987589769
"1028",20,0,36,14.8679876921233
"1029",21,0,36,17.5107514916454
"1030",22,0,36,18.7611468194518
"1031",23,0,36,20.4354003537446
"1032",24,0,36,13.5183338669594
"1033",1,0.4,36,18.2662698814731
"1034",2,0.4,36,19.6516692936932
"1035",3,0.4,36,17.4846307977502
"1036",4,0.4,36,24.0834650686847
"1037",5,0.4,36,17.6870993674057
"1038",6,0.4,36,13.2863920010609
"1039",7,0.4,36,11.1618450241437
"1040",8,0.4,36,22.7438281817718
"1041",9,0.4,36,15.4799993940345
"1042",10,0.4,36,16.6752333621579
"1043",11,0.4,36,12.3115466030074
"1044",12,0.4,36,11.4003347322649
"1045",13,0.4,36,12.5403400792541
"1046",14,0.4,36,18.8296255875593
"1047",15,0.4,36,11.2931659370205
"1048",16,0.4,36,24.7530257981555
"1049",17,0.4,36,19.0319596189396
"1050",18,0.4,36,15.7277828883515
"1051",19,0.4,36,18.810975432295
"1052",20,0.4,36,18.9776587109862
"1053",21,0.4,36,14.2030150340896
"1054",22,0.4,36,20.5824226467154
"1055",23,0.4,36,23.3405254434882
"1056",24,0.4,36,16.4917620081354
"1057",1,0,37,22.4608203780372
"1058",2,0,37,15.6727395695634
"1059",3,0,37,17.2013735980727
"1060",4,0,37,21.4490859268699
"1061",5,0,37,13.8847123517189
"1062",6,0,37,12.705319650704
"1063",7,0,37,19.0580339101143
"1064",8,0,37,16.1593874194659
"1065",9,0,37,11.2006901286077
"1066",10,0,37,21.3837048679125
"1067",11,0,37,20.6851135415491
"1068",12,0,37,20.2720174472779
"1069",13,0,37,23.4646366059314
"1070",14,0,37,17.5785038224421
"1071",15,0,37,10.7291571830865
"1072",16,0,37,22.3121260863263
"1073",17,0,37,16.0663220344577
"1074",18,0,37,24.0717744082212
"1075",19,0,37,13.2000773306936
"1076",20,0,37,21.3683273654897
"1077",21,0,37,19.8055904812645
"1078",22,0,37,12.9823014431167
"1079",23,0,37,11.5485675598029
"1080",24,0,37,18.7589935190044
"1081",1,0.4,37,22.8396206767974
"1082",2,0.4,37,17.6096022773158
"1083",3,0.4,37,17.1521189760942
"1084",4,0.4,37,19.3007497585851
"1085",5,0.4,37,12.9362369149224
"1086",6,0.4,37,19.0427148305271
"1087",7,0.4,37,12.1821228242078
"1088",8,0.4,37,21.9766126525619
"1089",9,0.4,37,19.526918579711
"1090",10,0.4,37,19.5625095435879
"1091",11,0.4,37,11.8245306298818
"1092",12,0.4,37,21.2870531945971
"1093",13,0.4,37,21.9758216963948
"1094",14,0.4,37,10.5457559570287
"1095",15,0.4,37,14.4098965376355
"1096",16,0.4,37,13.1058226107508
"1097",17,0.4,37,13.8329615648798
"1098",18,0.4,37,11.8935349333103
"1099",19,0.4,37,16.1039197369961
"1100",20,0.4,37,17.1353906390734
"1101",21,0.4,37,21.3641381365674
"1102",22,0.4,37,21.5925318937594
"1103",23,0.4,37,14.0126586981299
"1104",24,0.4,37,20.2560536309851
"1105",1,0,38,24.9538483470678
"1106",2,0,38,13.3047508727759
"1107",3,0,38,20.6313683697954
"1108",4,0,38,13.6508486932144
"1109",5,0,38,11.8859338434413
"1110",6,0,38,24.0419355104677
"1111",7,0,38,23.5404357663356
"1112",8,0,38,12.6503438828513
"1113",9,0,38,21.0221769521013
"1114",10,0,38,18.4944899566472
"1115",11,0,38,14.8994981090073
"1116",12,0,38,21.8262354435865
"1117",13,0,38,11.7149741295725
"1118",14,0,38,11.5825058124028
"1119",15,0,38,18.7050306517631
"1120",16,0,38,19.0133716166019
"1121",17,0,38,12.9812108108308
"1122",18,0,38,23.7868474621791
"1123",19,0,38,10.4460510378703
"1124",20,0,38,10.8537373086438
"1125",21,0,38,18.325437848689
"1126",22,0,38,20.5570313171484
"1127",23,0,38,15.814823214896
"1128",24,0,38,24.7135150816757
"1129",1,0.4,38,19.8992059202961
"1130",2,0.4,38,13.0721183759428
"1131",3,0.4,38,20.3138720409313
"1132",4,0.4,38,10.5358411517194
"1133",5,0.4,38,15.2217084986235
"1134",6,0.4,38,20.8465258830693
"1135",7,0.4,38,14.6394892649383
"1136",8,0.4,38,17.7843558949954
"1137",9,0.4,38,23.5858912812279
"1138",10,0.4,38,21.7401301114472
"1139",11,0.4,38,24.9521898380383
"1140",12,0.4,38,20.4412803040808
"1141",13,0.4,38,22.8903299638276
"1142",14,0.4,38,11.2303939644289
"1143",15,0.4,38,19.0437211992721
"1144",16,0.4,38,13.7027570225754
"1145",17,0.4,38,17.1431461985319
"1146",18,0.4,38,13.8829007746272
"1147",19,0.4,38,15.2762019352209
"1148",20,0.4,38,24.7203169824683
"1149",21,0.4,38,24.6085818110719
"1150",22,0.4,38,12.3351396651693
"1151",23,0.4,38,21.3986415727933
"1152",24,0.4,38,15.4866366365808
"1153",1,0,39,22.7862002816983
"1154",2,0,39,15.5260810430627
"1155",3,0,39,23.6725436511915
"1156",4,0,39,23.7964981549885
"1157",5,0,39,10.9381951915566
"1158",6,0,39,24.2844240530394
"1159",7,0,39,13.8509986607824
"1160",8,0,39,18.3592045062687
"1161",9,0,39,11.7295967473183
"1162",10,0,39,17.4793984275311
"1163",11,0,39,10.8909603173379
"1164",12,0,39,23.8124935817905
"1165",13,0,39,19.1828508907929
"1166",14,0,39,24.5679537183605
"1167",15,0,39,15.4066700511612
"1168",16,0,39,24.1864590160549
"1169",17,0,39,12.5934060686268
"1170",18,0,39,20.1571181719191
"1171",19,0,39,20.2678908337839
"1172",20,0,39,20.5947927967645
"1173",21,0,39,18.6472072091419
"1174",22,0,39,16.1316552397329
"1175",23,0,39,16.3682157162111
"1176",24,0,39,14.4725351128727
"1177",1,0.4,39,10.1242310615354
"1178",2,0.4,39,18.8084333466972
"1179",3,0.4,39,21.6275717994149
"1180",4,0.4,39,18.8262382322885
"1181",5,0.4,39,22.4141946803259
"1182",6,0.4,39,12.7104732529867
"1183",7,0.4,39,21.1098666789898
"1184",8,0.4,39,14.9387195076039
"1185",9,0.4,39,17.4217396795506
"1186",10,0.4,39,22.1445695840557
"1187",11,0.4,39,21.685110982517
"1188",12,0.4,39,21.1004932334134
"1189",13,0.4,39,21.1073334789515
"1190",14,0.4,39,19.4848034491169
"1191",15,0.4,39,20.1471517722854
"1192",16,0.4,39,15.3601168744392
"1193",17,0.4,39,17.445629297071
"1194",18,0.4,39,11.2914134711037
"1195",19,0.4,39,15.346340656818
"1196",20,0.4,39,13.0410660015277
"1197",21,0.4,39,10.2503796274492
"1198",22,0.4,39,21.1829414604937
"1199",23,0.4,39,13.9762043046741
"1200",24,0.4,39,22.576254454752
"1201",1,0,40,19.9568098981399
"1202",2,0,40,11.5695492969826
"1203",3,0,40,23.3609336079098
"1204",4,0,40,22.9615335050039
"1205",5,0,40,15.0465982919559
"1206",6,0,40,12.0137293194421
"1207",7,0,40,10.3146033815574
"1208",8,0,40,17.471143391449
"1209",9,0,40,24.8567263688892
"1210",10,0,40,10.8194015268236
"1211",11,0,40,12.444498213008
"1212",12,0,40,11.1250879883301
"1213",13,0,40,13.555500957882
"1214",14,0,40,12.4060579843353
"1215",15,0,40,14.3294178252108
"1216",16,0,40,12.1923552965745
"1217",17,0,40,19.1952505859081
"1218",18,0,40,23.0217752489261
"1219",19,0,40,10.8214325248264
"1220",20,0,40,16.5434663847554
"1221",21,0,40,22.0039286685642
"1222",22,0,40,14.2890360928141
"1223",23,0,40,16.8971095455345
"1224",24,0,40,20.04225875251
"1225",1,0.4,40,16.0680299358347
"1226",2,0.4,40,17.7334397995084
"1227",3,0.4,40,15.5928260693301
"1228",4,0.4,40,14.9623799692174
"1229",5,0.4,40,22.0718116553085
"1230",6,0.4,40,18.4839523494824
"1231",7,0.4,40,10.4758874569874
"1232",8,0.4,40,11.1272644836392
"1233",9,0.4,40,11.8696372230856
"1234",10,0.4,40,23.8264426385092
"1235",11,0.4,40,10.2572294657288
"1236",12,0.4,40,16.0550087363489
"1237",13,0.4,40,23.6209929501524
"1238",14,0.4,40,15.0252731724931
"1239",15,0.4,40,11.5519861099876
"1240",16,0.4,40,10.1001122530018
"1241",17,0.4,40,13.6601498392921
"1242",18,0.4,40,14.9299871043578
"1243",19,0.4,40,19.4296327991092
"1244",20,0.4,40,10.7066692987999
"1245",21,0.4,40,11.9454264536586
"1246",22,0.4,40,17.3823779387516
"1247",23,0.4,40,11.0501810176907
"1248",24,0.4,40,15.6680323073763
"1249",1,0,41,23.6654998734593
"1250",2,0,41,10.2091480349191
"1251",3,0,41,15.054451538017
"1252",4,0,41,12.4211772857234
"1253",5,0,41,11.0847514728084
"1254",6,0,41,23.3344950142782
"1255",7,0,41,15.4126485623419
"1256",8,0,41,13.85933696758
"1257",9,0,41,10.5314967525192
"1258",10,0,41,19.7080445778556
"1259",11,0,41,14.8881171643734
"1260",12,0,41,17.5774110772181
"1261",13,0,41,14.4920717400964
"1262",14,0,41,10.4641313408501
"1263",15,0,41,13.2209588377737
"1264",16,0,41,23.795924274018
"1265",17,0,41,13.1584936229046
"1266",18,0,41,14.0349877532572
"1267",19,0,41,15.4683990625199
"1268",20,0,41,22.4708668224048
"1269",21,0,41,11.9154490006622
"1270",22,0,41,12.5835972232744
"1271",23,0,41,13.7513909314293
"1272",24,0,41,10.6438913440797
"1273",1,0.4,41,22.3299518502783
"1274",2,0.4,41,14.3807152266843
"1275",3,0.4,41,20.4868202636652
"1276",4,0.4,41,21.3886923327122
"1277",5,0.4,41,10.024395721188
"1278",6,0.4,41,23.9250038752215
"1279",7,0.4,41,13.4412684181228
"1280",8,0.4,41,23.8381322094139
"1281",9,0.4,41,17.8287032105934
"1282",10,0.4,41,21.017989318419
"1283",11,0.4,41,10.3813990836372
"1284",12,0.4,41,18.5005560510682
"1285",13,0.4,41,24.8144475455976
"1286",14,0.4,41,11.2539264581951
"1287",15,0.4,41,19.2646615643144
"1288",16,0.4,41,13.5988783928195
"1289",17,0.4,41,13.3510221386401
"1290",18,0.4,41,13.4532254995839
"1291",19,0.4,41,22.713758138851
"1292",20,0.4,41,12.0750524726842
"1293",21,0.4,41,21.3269851487846
"1294",22,0.4,41,16.938299880984
"1295",23,0.4,41,13.1756072177932
"1296",24,0.4,41,15.717645543372
"1297",1,0,42,17.118693558732
"1298",2,0,42,12.871635084739
"1299",3,0,42,14.8433900158852
"1300",4,0,42,11.3783294195309
"1301",5,0,42,10.5194276780821
"1302",6,0,42,11.3039639173076
"1303",7,0,42,23.2544538320508
"1304",8,0,42,10.3771018516272
"1305",9,0,42,14.5227313868236
"1306",10,0,42,16.8457173311617
"1307",11,0,42,18.0994871049188
"1308",12,0,42,11.174865156645
"1309",13,0,42,18.8285439426545
"1310",14,0,42,20.2879453403875
"1311",15,0,42,23.9939648762811
"1312",16,0,42,13.5487960849423
"1313",17,0,42,12.7999051532242
"1314",18,0,42,18.0179941526148
"1315",19,0,42,19.0539706812706
"1316",20,0,42,12.2426323092077
"1317",21,0,42,11.8237830197904
"1318",22,0,42,18.097400845727
"1319",23,0,42,11.0482325998601
"1320",24,0,42,15.7408130005933
"1321",1,0.4,42,23.295668395415
"1322",2,0.4,42,21.0213482291466
"1323",3,0.4,42,16.4301867015579
"1324",4,0.4,42,21.4452553214859
"1325",5,0.4,42,15.8413312848522
"1326",6,0.4,42,10.0605115507988
"1327",7,0.4,42,16.8208382313733
"1328",8,0.4,42,10.5618219415809
"1329",9,0.4,42,14.9920682666051
"1330",10,0.4,42,23.3013666001265
"1331",11,0.4,42,21.0336237156669
"1332",12,0.4,42,22.8001425310133
"1333",13,0.4,42,18.3206070510928
"1334",14,0.4,42,18.9545378228848
"1335",15,0.4,42,24.4858395726365
"1336",16,0.4,42,14.8422509843443
"1337",17,0.4,42,10.0435921665028
"1338",18,0.4,42,12.6099742883842
"1339",19,0.4,42,12.5799273924092
"1340",20,0.4,42,13.8684471205646
"1341",21,0.4,42,18.0872990737696
"1342",22,0.4,42,15.1345257714588
"1343",23,0.4,42,24.4579502901454
"1344",24,0.4,42,23.5157385118393
"1345",1,0,43,20.8711146051064
"1346",2,0,43,13.4741112077609
"1347",3,0,43,14.228321260307
"1348",4,0,43,16.183839236619
"1349",5,0,43,18.6672399332747
"1350",6,0,43,11.7263680696487
"1351",7,0,43,15.7260292232968
"1352",8,0,43,13.1425653561018
"1353",9,0,43,10.6271911179647
"1354",10,0,43,23.5413608176168
"1355",11,0,43,11.7443391075358
"1356",12,0,43,17.8075943223666
"1357",13,0,43,18.9612349984236
"1358",14,0,43,22.3038406937849
"1359",15,0,43,19.0818352741189
"1360",16,0,43,24.5519021677319
"1361",17,0,43,12.8044436988421
"1362",18,0,43,19.4852793135215
"1363",19,0,43,19.2192730226088
"1364",20,0,43,21.713989211712
"1365",21,0,43,19.1108635615092
"1366",22,0,43,22.5673596234992
"1367",23,0,43,23.0959769373294
"1368",24,0,43,17.3774037905969
"1369",1,0.4,43,19.6818176103778
"1370",2,0.4,43,23.5850614237794
"1371",3,0.4,43,15.4018517103534
"1372",4,0.4,43,13.155138870867
"1373",5,0.4,43,10.5821635968269
"1374",6,0.4,43,12.6334302105806
"1375",7,0.4,43,20.8368453199
"1376",8,0.4,43,19.3392816358208
"1377",9,0.4,43,14.0614796869095
"1378",10,0.4,43,20.746686358133
"1379",11,0.4,43,14.7271980658939
"1380",12,0.4,43,11.3288189048357
"1381",13,0.4,43,13.5291552560496
"1382",14,0.4,43,24.1369135256147
"1383",15,0.4,43,20.5088769941212
"1384",16,0.4,43,24.7523386342348
"1385",17,0.4,43,11.8191801680957
"1386",18,0.4,43,21.3154980837833
"1387",19,0.4,43,19.318739932377
"1388",20,0.4,43,19.9181396206345
"1389",21,0.4,43,12.9856483217018
"1390",22,0.4,43,19.3168526149102
"1391",23,0.4,43,19.0017899879375
"1392",24,0.4,43,21.0757146467138
"1393",1,0,44,24.9870460585225
"1394",2,0,44,19.2884524841793
"1395",3,0,44,12.8927577077411
"1396",4,0,44,16.0347806743812
"1397",5,0,44,24.1466372995637
"1398",6,0,44,18.3352398208808
"1399",7,0,44,19.1258622298483
"1400",8,0,44,10.7425375154708
"1401",9,0,44,22.1573243138846
"1402",10,0,44,20.4173570743296
"1403",11,0,44,23.4288978052791
"1404",12,0,44,12.2325436095707
"1405",13,0,44,16.4807916257996
"1406",14,0,44,16.9394352298696
"1407",15,0,44,14.6734176832251
"1408",16,0,44,10.9503046073951
"1409",17,0,44,11.4810516545549
"1410",18,0,44,20.1748524210416
"1411",19,0,44,23.7971770088188
"1412",20,0,44,15.0678235793021
"1413",21,0,44,13.3678318501916
"1414",22,0,44,13.9541138568893
"1415",23,0,44,20.5004186090082
"1416",24,0,44,15.8456674625631
"1417",1,0.4,44,13.9891157691037
"1418",2,0.4,44,24.1181655969223
"1419",3,0.4,44,10.6424473483861
"1420",4,0.4,44,17.8074145875555
"1421",5,0.4,44,19.1673974865684
"1422",6,0.4,44,21.6277392607677
"1423",7,0.4,44,21.7563345272998
"1424",8,0.4,44,23.259522872402
"1425",9,0.4,44,10.3639567692308
"1426",10,0.4,44,12.4145732205925
"1427",11,0.4,44,22.7996293287138
"1428",12,0.4,44,13.5826636867651
"1429",13,0.4,44,23.7390925504489
"1430",14,0.4,44,13.3359898244133
"1431",15,0.4,44,12.5386543266958
"1432",16,0.4,44,18.2503152133003
"1433",17,0.4,44,21.1930939694131
"1434",18,0.4,44,15.131143245773
"1435",19,0.4,44,24.4614417790783
"1436",20,0.4,44,10.3636967683321
"1437",21,0.4,44,23.8339749560197
"1438",22,0.4,44,14.7877263030528
"1439",23,0.4,44,10.6910536005921
"1440",24,0.4,44,22.6657577775972
"1441",1,0,45,19.5758271939121
"1442",2,0,45,11.1356489313766
"1443",3,0,45,23.1961576535832
"1444",4,0,45,14.9917426647153
"1445",5,0,45,23.0176221695729
"1446",6,0,45,14.7783255029935
"1447",7,0,45,18.8071369146928
"1448",8,0,45,24.4814964197576
"1449",9,0,45,15.4440435080323
"1450",10,0,45,10.2638989302795
"1451",11,0,45,12.6015334273688
"1452",12,0,45,13.0522400396876
"1453",13,0,45,10.9355035040062
"1454",14,0,45,24.6225734823383
"1455",15,0,45,16.1038184154313
"1456",16,0,45,16.8001267523505
"1457",17,0,45,24.8112629330717
"1458",18,0,45,16.4303377026226
"1459",19,0,45,23.2438848493621
"1460",20,0,45,11.4256106771063
"1461",21,0,45,23.1852760748006
"1462",22,0,45,12.0208703831304
"1463",23,0,45,22.8577004512772
"1464",24,0,45,14.7277835279237
"1465",1,0.4,45,23.7735546173611
"1466",2,0.4,45,16.7688706666934
"1467",3,0.4,45,23.3503884628196
"1468",4,0.4,45,16.1910207525898
"1469",5,0.4,45,15.3755786281161
"1470",6,0.4,45,24.6515053896728
"1471",7,0.4,45,11.5163143538941
"1472",8,0.4,45,16.5215825610339
"1473",9,0.4,45,17.5068445092658
"1474",10,0.4,45,12.5971877702194
"1475",11,0.4,45,13.4588968702485
"1476",12,0.4,45,20.1375953393974
"1477",13,0.4,45,18.6927858368682
"1478",14,0.4,45,11.1898648204213
"1479",15,0.4,45,15.6356973864019
"1480",16,0.4,45,12.309383561177
"1481",17,0.4,45,14.4329288914413
"1482",18,0.4,45,17.2757425277166
"1483",19,0.4,45,23.2339355735071
"1484",20,0.4,45,15.3102235057907
"1485",21,0.4,45,19.4339064102628
"1486",22,0.4,45,21.7960149895428
"1487",23,0.4,45,18.1314984268623
"1488",24,0.4,45,11.9197878259654
